Codigo de Barras;Nome do Produto;Status;Preço Final (consumidor);Qtd.Estoque;Data de vencimento
7891000350072;BISC. COOKIE GALAK NESTLÉ PACOTE 60G;Desbloqueado;R$ 3,89;0;09/08/2024
7891000350119;BISC. COOKIE ALPINO NESTLÉ PACOTE 60G;Desbloqueado;R$ 3,89;0;15/10/2024
7891000241356;PASSATEMPO E PASSATEMPO CHOCOLATE;Desbloqueado;R$ 2,99;0;28/07/2024
7891000304877;BISC. BONO/NEGRESCO CHOCOLATE FININHO 57G;Desbloqueado;R$ 3,29;0;25/06/2024
7896058593174;AMENDOIM CROCANTE PETTIZ NATURAL 50G;Bloqueado para abastecimento;R$ 2,99;0;23/04/2024
7891035990861;CAMISINHA OLLA PLAY 3UN;Bloqueado para abastecimento;R$ 9,99;0;02/12/2026
7899250604006;PILHA AA ALFACELL 4UN;Desbloqueado;R$ 8,89;0;Não Informado
7899674017109;DESODORANTE ABOVE AERO MASC URBAN;Bloqueado para abastecimento;R$ 14,99;0;21/08/2025
7899674017093;DESODORANTE ABOVE AERO FEM FRESH;Desbloqueado;R$ 14,89;0;21/05/2025
7891150059887;SABONETE LUX LAVANDA 85G;Desbloqueado;R$ 2,89;0;20/01/2025
Não Informado;BATATA ONDA RUFFLES 167g (TODOS SABORES);Desbloqueado;R$ 23,99;1;27/09/2024
7891000248768;CHOCOLATE KITKAT (SABORES) 41,5G;Desbloqueado;R$ 4,99;1;Não Informado
7622300807399;CHOC. BIS TODOS SABORES;Desbloqueado;R$ 8,99;0;Não Informado
7891008123975;CHOCOLATE GAROTO (TODOS OS SABORES);Bloqueado para abastecimento;R$ 8,99;2;Não Informado
7622210528216;CHOCOLATE LACTA RECHEADOS OURO BRANCO;Desbloqueado;R$ 9,99;0;Não Informado
7891000115763;PETISCOS PARA GATOS AO MOLHO PURINA FRISKIES 85G;Desbloqueado;R$ 4,99;0;20/05/2025
7896029056400;PETISCOS PARA CÃO FRANGO CHAMP 85G;Desbloqueado;R$ 4,99;0;27/08/2025
7896098900253;DETERGENTE CLEAR YPE 500ML;Desbloqueado;R$ 3,99;0;21/10/2026
7893218003603;SMIRNOFF ICE ORIG 275ML;Desbloqueado;R$ 9,89;0;03/01/2025
7891098000071;CHA LEÃO ERVA DOCE 15UN.;Desbloqueado;R$ 2,99;0;20/07/2024
7896048200051;VINAGRE ÁLCOOL CASTELO 750ML;Desbloqueado;R$ 4,89;0;08/06/2025
7891098010483;CHA LEÃO HORTELÃ CX 15 G;Desbloqueado;R$ 1,99;0;10/09/2024
7896089012637;CAFÉ PILÃO TRAD 250G;Desbloqueado;R$ 13,39;0;05/08/2024
7622210782915;BISC. CLUB SOCIAL CROSTINI TOMATE SECO 80G;Desbloqueado;R$ 7,89;0;18/06/2024
7898080641588;MISTURA PARA BOLO SABOR ITALAC (SABORES);Bloqueado para abastecimento;R$ 6,29;0;31/05/2024
7892840818005;BATATA LAYS SALT & VINEGAR 80G;Desbloqueado;R$ 10,99;0;05/04/2024
07896527702663;ÁGUA SANITARIA TRIEX 2L;Desbloqueado;R$ 7,59;0;09/06/2024
7891150049888;CREME DENTAL CLOSE UP 70G;Desbloqueado;R$ 6,99;0;21/08/2026
Não Informado;CUP NOODLES SABORES;Desbloqueado;R$ 8,69;5;06/08/2024
7896110100043;SAL REFINADO LEBRE MAR 1KG;Desbloqueado;R$ 3,99;1;21/11/2024
7898080640222;CREME DE LEITE ITALAC 200G;Bloqueado para abastecimento;R$ 5,29;7;25/07/2024
7896086420336;ARROZ EMPORIO SÃO JOÃO 1KG;Desbloqueado;R$ 9,99;0;14/11/2024
7622210571724;TANG SABORES 18G;Desbloqueado;R$ 1,99;18;11/08/2024
7898215152002;LEITE CONDENSADO SEMIDESNATADO PIRACANJUBA 395G;Bloqueado para abastecimento;R$ 8,90;0;05/08/2024
7896061920202;PAPEL TOAL KITCHEN 2 ROLOS;Desbloqueado;R$ 10,89;0;Não Informado
7891150027794;MOSTARDA HELLMANNS 170G;Desbloqueado;R$ 9,89;0;21/10/2024
7894321722016;TODDYNHO CHOCOLATE 200ML;Desbloqueado;R$ 3,49;0;27/06/2024
7898024395232;CREME DE AVELA NUTELLA 140G;Desbloqueado;R$ 14,99;0;24/06/2024
7892840816780;BATATA LAYS LISA 70G (SABORES);Desbloqueado;R$ 4,99;0;19/04/2024
7908324403268;LAVA ROUPAS EM PÓ MINUANO 800G;Desbloqueado;R$ 7,59;0;21/10/2025
7891022101003;LA DE AÇO BOMBRIL ECO 8U;Desbloqueado;R$ 4,99;0;14/08/2026
7896061934285;GUARDANAPO DE PAPEL C/50 UNIDS.;Desbloqueado;R$ 4,89;0;Não Informado
7896007912124;FOSFORO LUX;Desbloqueado;R$ 0,99;0;Não Informado
7896007540617;ABSORVENTE;Desbloqueado;R$ 6,49;0;09/01/2025
7891000352175;ACHOC. PÓ NESCAU 370G;Desbloqueado;R$ 13,99;0;20/04/2024
7896102503708;KETCHUP HEINZ TRAD 397G;Desbloqueado;R$ 7,99;0;21/10/2024
7891035210006;LIMPADOR GOLD M VEJA 500ML;Desbloqueado;R$ 7,99;0;27/10/2025
7896527700577;DESINFETANTE TRIEX 500ML;Desbloqueado;R$ 3,99;0;01/12/2025
7896102502145;MOLHO DE TOMATE TRADICIONAL HEMMER 300G;Desbloqueado;R$ 3,29;0;21/03/2025
7896022203603;MACARRÃO GALO ESPAGUETE 500G;Desbloqueado;R$ 5,29;1;12/07/2024
7891048050668;GELATINA DR OETKER MORANGO 20G;Desbloqueado;R$ 2,49;0;20/04/2024
7891048050682;GELATINA DR OETKER UVA  20G;Desbloqueado;R$ 2,49;0;20/04/2024
7891048050606;GELATINA DR OETKER ABACAXI 20G;Desbloqueado;R$ 2,49;0;20/04/2024
7894000010014;AMIDO D MILHO MAIZENA 200G;Desbloqueado;R$ 7,89;0;25/12/2025
7891172421174;PAPEL HIGIENICO NEVE NEUTRO 4UN;Desbloqueado;R$ 14,99;0;Não Informado
Não Informado;REFRIGERANTE COCA COLA ORIGINAL/ZERO 2,25L/2L;Desbloqueado;R$ 12,99;0;08/04/2024
7894900010015;REFRIGERANTE COCA COLA ORG/ZERO 350 ML;Desbloqueado;R$ 4,99;0;02/07/2024
7898938890014;ENERGÉTICO MONSTER (SABORES) 473ML;Desbloqueado;R$ 11,49;9;17/10/2025
7898367980010;CERVEJA EISENBAHN 355ML LONG NECK;Desbloqueado;R$ 5,79;0;16/10/2024
7898367984018;CERVEJA EISENBAHN 350ML LATA (TODOS ESTILOS);Desbloqueado;R$ 4,99;0;15/11/2024
78934115;CERVEJA SOL MEXICAN  330ML LONG NECK;Desbloqueado;R$ 6,99;0;25/09/2024
7894900583700;SUCO KAPO MORANGO 200ML;Desbloqueado;R$ 1,29;0;06/07/2024
7894900531008;ÁGUA CRYSTAL C/GÁS 500ML;Desbloqueado;R$ 3,99;0;12/05/2024
7894900550030;SUCO DEL VALLE UVA 1LT PET;Bloqueado para abastecimento;R$ 5,99;0;25/07/2024
78933606;BALA MENTOS FRUIT;Desbloqueado;R$ 3,89;0;21/10/2025
7896262304450;BALA MENTOS MENTA;Desbloqueado;R$ 3,89;0;21/10/2025
7895144859941;CHICLETE PURE FRESH;Desbloqueado;R$ 2,89;0;21/05/2025
7895144899930;CHICLETE PURE FRUIT;Desbloqueado;R$ 2,89;0;17/01/2025
7896045505340;CERVEJA AMSTEL 473ML LATA;Desbloqueado;R$ 4,89;0;17/10/2024
7891149108718;CERVEJA HEINEKEN 330ML LONG NECK;Desbloqueado;R$ 7,99;0;03/09/2024
7896045523412;CERVEJA HEINEKEN 350ML LATA;Desbloqueado;R$ 6,49;14;20/10/2024
7896045504831;CERVEJA AMSTEL 350 ML LATA;Desbloqueado;R$ 4,99;0;18/12/2024
7898921567367;BATATA CONGELADA BEM BRASIL CORTE ESPECIAL 1,05KG;Desbloqueado;R$ 23,99;0;27/12/2025
7894904684359;CHIKENITOS SEARA 300GR TRADICIONAL;Bloqueado para abastecimento;R$ 12,90;0;Não Informado
7894904003495;STEAK DE FRANGO EMPANADO SADIA 100G;Desbloqueado;R$ 2,59;0;01/05/2024
7892840816438;FANDANGOS PRESUNTO 45G;Desbloqueado;R$ 3,99;0;05/04/2024
7894904575800;PENNE AO MOLHO PARISIENSE SEARA 350 GR;Desbloqueado;R$ 9,99;0;23/04/2024
7894904575824;FETTUCINE SEARA 350 G  BOLONHESA;Desbloqueado;R$ 15,99;0;25/04/2024
7894904082704;LASANHA SEARA 600GR (SABORES);Desbloqueado;R$ 19,99;1;20/06/2024
7908228801641;BALA FINI SUPER GIGANTE (SABORES);Desbloqueado;R$ 2,69;0;21/09/2025
7898215151708;LEITE PIRACANJUBA 1LT;Desbloqueado;R$ 6,49;0;25/05/2024
7891167011779;ATUM NAT GOMES DA COSTA 170G;Desbloqueado;R$ 9,59;0;21/09/2024
7896009301049;SARDINHA EM ÓLEO COQUEIRO 125G;Desbloqueado;R$ 6,99;0;21/04/2024
7898591453434;BALA FINI (TODOS SABORES);Desbloqueado;R$ 7,49;2;21/04/2025
7898591457876;BALA FINI TUBES 17G;Desbloqueado;R$ 1,59;0;21/06/2025
7898299990309;PÃO DE QUEIJO MAQUI 1KG;Desbloqueado;R$ 17,99;0;06/09/2024
7891164026967;FAROESTA BURGUER 145G (TODOS SABORES);Bloqueado para abastecimento;R$ 12,99;0;Não Informado
7894904678280;HOT HIT SEARA (TODOS OS SABORES);Bloqueado para abastecimento;R$ 14,49;2;Não Informado
7894900681000;REFRIGERANTE SPRITE 2L;Desbloqueado;R$ 8,99;0;15/04/2024
7894900556032;SUCO DEL VALLE LARANJA 1LT PET;Desbloqueado;R$ 5,89;0;15/06/2024
4005900521910;SABONETE NIVEA LEITE 85G;Desbloqueado;R$ 5,49;0;21/08/2026
7891000100103;LEITE CONDENSADO MOÇA LATA395G;Desbloqueado;R$ 12,90;0;20/08/2024
7891021002127;FILTRO DE CAFÉ BRIGITTA;Desbloqueado;R$ 5,99;0;04/11/2026
7894904215942;CHEDDAR E BACON HOT HIT 145G;Bloqueado para abastecimento;R$ 10,90;0;15/04/2024
7894904678341;X-BACON KET HOT HIT 145G;Desbloqueado;R$ 10,89;0;06/04/2024
7896602901004;PIPOCA MICROONDAS PACHA;Desbloqueado;R$ 3,89;0;12/09/2024
7898624021586;BOMBONZINHO SKIMO MILK MONI SABORES;Desbloqueado;R$ 16,99;0;Não Informado
7898963419983;EXTRUSADO CHOCOTELLA MILK MONI 70G;Desbloqueado;R$ 11,99;0;Não Informado
7898298410259;PICOLÉ SABORES DE FRUTA;Desbloqueado;R$ 2,99;34;Não Informado
7898298410310;PICOLÉ DE SENSAÇÃO/BOMBOM MILK MONI;Desbloqueado;R$ 5,49;42;Não Informado
7898298410808;SORVETE MILK TWIST MILK MONI 1,8L (TODOS OS SABORES);Desbloqueado;R$ 37,99;2;Não Informado
7894904500116;NUGGETS TEKITOS;Desbloqueado;R$ 13,99;0;Não Informado
762210674357;CHOCOLATE LAKA OREO;Desbloqueado;R$ 8,29;0;Não Informado
Não Informado;TORRADA ADRIA 142G;Desbloqueado;R$ 5,59;0;Não Informado
7897395031626;ENERGÉTICO TNT ORIGINAL 473ML;Desbloqueado;R$ 8,99;0;Não Informado
7891000329856;CHOCOLATE SUFLAIR/DUO 80G;Desbloqueado;R$ 10,99;3;Não Informado
7891079000229;MIOJO NISSIN (TODOS SABORES) 80G;Desbloqueado;R$ 3,99;5;Não Informado
7891962051345;PÃO DE FORMA VISCONTTI INTEGRAL;Bloqueado para abastecimento;R$ 5,58;0;Não Informado
78940833;KINDER OVO 20G;Desbloqueado;R$ 7,99;0;Não Informado
7896071024839;BISC. TODDY (TODOS OS SABORES);Desbloqueado;R$ 3,29;0;Não Informado
7898628840404;ÁGUA SERRA NEGRA C/GÁS 500ML;Desbloqueado;R$ 2,19;0;Não Informado
7892840816773;BATATA LAYS CLÁSSICA 80G;Desbloqueado;R$ 10,99;0;Não Informado
7893000632073;PIZZA CONGELADA (TODOS OS SABORES E MARCAS);Desbloqueado;R$ 23,99;4;Não Informado
7898537736881;CAFÉ SOLUVEL MELITTA;Desbloqueado;R$ 6,59;0;Não Informado
7891095031146;BATATA PALHA EXTRA FINA YOKI;Desbloqueado;R$ 7,89;0;Não Informado
7891991001342;GUARANA ANTARCTICA 1,5/2L (COM E SEM AÇUCAR);Desbloqueado;R$ 8,99;0;Não Informado
7892840800000;PEPSI 2L;Bloqueado para abastecimento;R$ 8,99;0;Não Informado
7891000065440;LEITE CONDENSADO MOÇA CAIXA 395G;Desbloqueado;R$ 9,19;0;Não Informado
7891350032741;DESODORANTE BOZZANO;Desbloqueado;R$ 14,99;1;Não Informado
7892840816414;CEBOLITOS 60G;Desbloqueado;R$ 8,99;0;Não Informado
7896105801269;BATATA CONGELADA MCCAIN CLASSICA FININHAS;Desbloqueado;R$ 24,99;0;Não Informado
7896508200034;AÇUCAR REFINADO ALTO ALEGRE;Desbloqueado;R$ 5,99;1;Não Informado
7896022206017;MACARRÃO PARAFUSO TODESCHINI 500G;Desbloqueado;R$ 3,79;0;Não Informado
7896105900344;PALMITO PUPUNHA INTEIRO GOLDEN PALM 330g;Desbloqueado;R$ 14,89;0;Não Informado
7896272004203;AZEITONA VERDES SEM CAROÇO VALE FÉRTIL 240G;Desbloqueado;R$ 6,99;0;Não Informado
7896238105364;QUEIJO RALADO MITILAT;Desbloqueado;R$ 5,79;0;Não Informado
7898079000297;PRESERVATIVO/CAMISINHA PRUDENCE ANATÔMICO;Desbloqueado;R$ 9,99;0;Não Informado
7898298410037;SORVETE MILK MONI 2L (TODOS OS SABORES);Desbloqueado;R$ 39,99;4;Não Informado
7896005272107;MISTURA PARA BOLO DE BAUNILHA DONA BENTA;Desbloqueado;R$ 3,99;0;Não Informado
7896058599206;AMENDOIM CROC CEBOLA/SALSA DORI 70G;Desbloqueado;R$ 2,99;0;Não Informado
7891000336373;CHOCOLATE ALPINO (TODOS SABORES) 85G;Desbloqueado;R$ 10,99;3;Não Informado
7891150049895;CREME DENTAL CLOSE UP TRIPLE MENTA 70G;Desbloqueado;R$ 4,49;0;Não Informado
Não Informado;ESPONJA ASSOLAN;Desbloqueado;R$ 1,69;0;Não Informado
7898918812067;ÁGUA SERRA DA PRATA C/GÁS 500ML;Desbloqueado;R$ 2,29;0;Não Informado
7896283800245;CREME DE LEITE JUSSARA 200G;Desbloqueado;R$ 4,49;0;Não Informado
7896185312396;LEITE INTEGRAL SHEFA 1LT;Desbloqueado;R$ 6,39;0;Não Informado
7894900091007;FANTA SABORES LATA 350ML;Desbloqueado;R$ 4,29;2;Não Informado
7894900500035;ISOTONICO POWERADE SABORES;Desbloqueado;R$ 5,99;0;Não Informado
7898341430098;NECTAR DE UVA DEL VALLE 1LT;Desbloqueado;R$ 7,79;0;Não Informado
7894900550054;SUCO DEL VALLE UVA 450ML;Desbloqueado;R$ 3,49;0;Não Informado
7622210674050;CHOCOLATE DIAMANTE NEGRO 80G;Desbloqueado;R$ 8,29;0;Não Informado
7622210528186;CHOCOLATE LACTA RECHEADOS SONHO DE VALSA;Desbloqueado;R$ 7,99;0;Não Informado
7899970402876;CHOCOLATE HERSHEYS (SABORES);Desbloqueado;R$ 9,99;8;Não Informado
7898080640611;LEITE INTEGRAL ITALAC 1L;Desbloqueado;R$ 6,99;0;Não Informado
7891331010485;BARRA DE CEREAL COM AVELÃ NUTRY;Desbloqueado;R$ 1,49;0;Não Informado
7891991014908;GUARANA ANTARCTICA 200ML;Desbloqueado;R$ 1,29;0;Não Informado
7891021001946;FILTRO DE PAPEL MELITTA;Desbloqueado;R$ 4,99;0;Não Informado
7896235353386;SHAMPOO MONANGE;Desbloqueado;R$ 12,99;1;Não Informado
7898915414844;LEITE AMANHECER INTEGRAL 1L;Desbloqueado;R$ 6,39;0;Não Informado
7894900184235;VODKA & CITRUS;Desbloqueado;R$ 6,99;0;Não Informado
7894900680522;SPRITE LEMON FRESH 1,5L;Desbloqueado;R$ 6,89;0;Não Informado
7891000368626;CHOCOLATE GALAK 80G;Desbloqueado;R$ 9,99;0;Não Informado
7897395020101;CERVEJA ITAIPAVA LATA 350ML;Desbloqueado;R$ 3,99;0;Não Informado
7891000377139;BISC. NEGRESCO;Desbloqueado;R$ 3,99;0;Não Informado
7897115108010;AMENDOIM CROCANTE SALSA E CEBOLA AMENDUPA;Desbloqueado;R$ 2,99;0;Não Informado
7622210562081;BALA BUBBALOO;Desbloqueado;R$ 1,49;0;Não Informado
7896061915109;PAPEL HIGIENICO SUBLIME;Desbloqueado;R$ 7,99;1;Não Informado
7891149104123;CERVEJA SKOL LATÃO;Desbloqueado;R$ 4,99;0;Não Informado
7891000376959;BISC BONO (SABORES);Desbloqueado;R$ 2,99;0;Não Informado
7894900184808;GIN TONICA SCHWEPPES;Desbloqueado;R$ 6,99;1;Não Informado
7896292333000;MOLHO DE TOMATE PREDILECTA;Desbloqueado;R$ 2,19;0;Não Informado
7891962051338;PAO FORMA VISCONTI 400G TRAD;Desbloqueado;R$ 6,80;0;Não Informado
7896004006277;BATATA PRINGLES (TODOS OS SABORES);Desbloqueado;R$ 14,99;6;Não Informado
Não Informado;BATATA RUFFLES SABORES (115 e 110g);Desbloqueado;R$ 15,99;0;Não Informado
7898701301860;QUEIJO RALADO CASA MAE 40G;Desbloqueado;R$ 5,79;0;Não Informado
9891962051574;BOLINHO ROLL BAUDUCCO 34G;Desbloqueado;R$ 2,19;0;Não Informado
7899686702178;BATATA PALHA UNI EXTRA FINA 100G;Desbloqueado;R$ 7,69;0;Não Informado
7898701300085;BATATA PALHA CASA MAE 100G TRADICIONAL/EXTRA FINA;Desbloqueado;R$ 8,99;0;Não Informado
7898591450709;MINI MINHOCAS 16G FINI;Desbloqueado;R$ 1,59;0;Não Informado
7898279799623;MINI TUBES MORANGO CITRICO 16G FINI;Desbloqueado;R$ 1,59;0;Não Informado
7898215152002.;LEITE CONDENSADO PIRACANJUBA CAIXA;Desbloqueado;R$ 7,99;0;Não Informado
7894900911510;REFRIGERANTE KUAT 2L;Desbloqueado;R$ 4,99;0;Não Informado
7891515475703;LASANHA SADIA (TODOS OS SABORES);Desbloqueado;R$ 19,99;0;Não Informado
7891991294942;CERVEJA BRAHMA DUPLO MALTE;Desbloqueado;R$ 3,79;0;Não Informado
7891030300139;QUEIJO PARMESÃO RALADO MOCOCA;Desbloqueado;R$ 3,99;0;Não Informado
7891164110642;EMPANADO TIRINHAS AURORA;Desbloqueado;R$ 10,99;0;Não Informado
7896060401832;LAVA ROUPA EM PÓ URCA;Desbloqueado;R$ 6,99;0;Não Informado
7896089012460;CAFÉ CABOCLO 250G;Desbloqueado;R$ 22,29;0;Não Informado
7896290300295;ARROZ PRATO FINO 1KG;Desbloqueado;R$ 9,99;0;Não Informado
7891515605773;MACARRÃO CONGELADO PENNE À PARISIENSE;Desbloqueado;R$ 8,99;0;Não Informado
7891515606435;MACARRÃO CONGELADO FETTUCCINE COM PERU E BROCOLIS;Desbloqueado;R$ 8,99;0;Não Informado
7898665540770;PÃO DE QUEIJO CONGELADO BIACCINO 400G;Desbloqueado;R$ 8,49;0;Não Informado
7622210567567;CHOCOLATE TABLET OREO LACTA 90G;Desbloqueado;R$ 9,99;1;Não Informado
7892840820640;SALGADINHO LAYS RUSTICA CREAM CHEESE;Desbloqueado;R$ 9,99;0;Não Informado
7894900503029;ISOTONICO POWERADE LARANJA;Desbloqueado;R$ 5,29;0;Não Informado
7892840623467;CHEETOS ONDA REQUEIJAO;Desbloqueado;R$ 14,99;0;Não Informado
7892840820633;BATATA LAYS RUSTICA SAL MARINHO 69G;Desbloqueado;R$ 9,99;0;Não Informado
Não Informado;BANDEJA DE SALGADINHOS (QUALQUER);Desbloqueado;R$ 12,49;0;Não Informado
7898921567336;BATATA CONGELADA BEM BRASIL (TODOS CORTES) 1,05KG;Desbloqueado;R$ 24,90;0;Não Informado
7894900038392;FANTA LARANJA 2,25L;Desbloqueado;R$ 9,19;0;Não Informado
07891000249239;CHOCOLATE KITKAT BRANCO 41,5G;Desbloqueado;R$ 3,49;0;Não Informado
7891000248829;CHOCOLATE KITKAT DARK 41,5G;Desbloqueado;R$ 3,49;0;Não Informado
7898367983356;CERVEJA EISENBAHN LATÃO;Desbloqueado;R$ 5,69;0;Não Informado
07896894900013;AÇUCAR REFINADO;Desbloqueado;R$ 4,99;0;Não Informado
7896102501872;MOLHO DE TOMATE QUERO;Desbloqueado;R$ 2,29;0;Não Informado
7898230716630;CERVEJA BADEN BADEN WITBIER;Desbloqueado;R$ 5,19;0;Não Informado
7898215151760;LEITE SEMIDESN. PIRACANJUBA 1LT;Desbloqueado;R$ 6,29;0;Não Informado
4005900521972;SABONETE NIVEA 85G;Desbloqueado;R$ 3,99;0;Não Informado
7896074605318;LASANHA FORNO MINAS 600G;Desbloqueado;R$ 14,99;0;Não Informado
7894900010398;COCA COLA 220ML;Desbloqueado;R$ 3,59;0;Não Informado
7892840234447;CEBOLITOS 90G;Desbloqueado;R$ 13,49;0;Não Informado
7000000373794;TEKITOS QUEIJO;Desbloqueado;R$ 11,99;0;Não Informado
7896045506590;HEINEKEN LATA 250ML;Desbloqueado;R$ 3,89;0;Não Informado
Não Informado;VINHO RESERVADO CABERNET SAUVIGNON;Desbloqueado;R$ 34,99;0;Não Informado
7896005801512;CAFE CORAÇOES EXTRAFORTE 250G;Desbloqueado;R$ 24,99;0;Não Informado
7891000109298;PASSATEMPO COOKIES ORIGINAL 60G;Desbloqueado;R$ 4,29;0;Não Informado
7896058257656;BOLACHA TRIUNFO CHOCOLATE 90G;Desbloqueado;R$ 2,59;0;Não Informado
7898919411900;DESODORANTE FEMININO MONANGE INVISIVEL;Desbloqueado;R$ 12,99;0;Não Informado
7891350037907;DESODORANTE MASCULINO BOZANO POWER PROTECTION;Desbloqueado;R$ 12,99;0;Não Informado
7891037744509;PASTA DE DENTE CLOSEUP LIQUIFRESH ICE 100G;Desbloqueado;R$ 7,99;0;Não Informado
07891149107797;CERVEJA BRAHMA LATA 350ML;Desbloqueado;R$ 3,99;0;Não Informado
00619205325537;PAO DE QUEIJO FORNO DE MINAS 400G;Desbloqueado;R$ 10,19;0;Não Informado
7091055803509;ESCOVA DE DENTES;Desbloqueado;R$ 7,99;3;Não Informado
789609890744;LAVA ROUPA PO TIXAN;Desbloqueado;R$ 16,99;2;Não Informado
7893218003610;SMIRNOFF RED ICE;Desbloqueado;R$ 9,89;0;Não Informado
7897395099299;CERVEJA PETRA 269ML;Desbloqueado;R$ 1,99;0;Não Informado
7622210592668;BOLACHA TRAKINAS SABORES;Desbloqueado;R$ 3,99;7;Não Informado
7891107101621;OLEO SOJA SOYA 900ML;Desbloqueado;R$ 9,20;0;Não Informado
7891000241370;PASSATEMPO (sABORES);Desbloqueado;R$ 3,89;0;Não Informado
7898701300092;BATATA PALHA CASA MAE FINA;Desbloqueado;R$ 9,99;0;Não Informado
789 75172 0655 0;MOLHO DE TOMATE FUNGINI;Desbloqueado;R$ 2,49;0;Não Informado
Não Informado;MACARRÃO GALO PARAFUSO 500G;Desbloqueado;R$ 5,29;3;Não Informado
7894900180541;REFRIGERANTE CITRUS SCHWEPPES 1,5L;Desbloqueado;R$ 8,99;0;Não Informado
7894900360011;ÁGUA TÔNICA SCHWEPPES SEM/COM AÇUCAR;Desbloqueado;R$ 3,69;0;Não Informado
7896036099544;MOLHO DE TOMATE TARANTELLA;Desbloqueado;R$ 1,99;0;Não Informado
17898915949206;CERVEJA IMPERIO;Desbloqueado;R$ 3,29;0;Não Informado
7891149109050;BRAHMA DUPLO MALTE 269ML;Desbloqueado;R$ 2,89;0;Não Informado
7891149109746;CERVEJA SKOL LATA 350ML;Desbloqueado;R$ 4,59;0;Não Informado
7898665540763;PÃO DE QUEIJO BIACCINO 1KG;Desbloqueado;R$ 19,99;0;Não Informado
7891991010481;CERVEJA BUDWEISER;Desbloqueado;R$ 4,99;0;Não Informado
7894900611014;SUCO 100% UVA DEL VALLE;Desbloqueado;R$ 11,99;0;Não Informado
7896444920300;GUARANAVITON AÇAI 500 ML;Desbloqueado;R$ 2,99;0;Não Informado
7892840823412;BATATA LAYS 115G (TODOS SABORES);Desbloqueado;R$ 17,99;0;Não Informado
7891515786298;BIG CHICKEN PERDIGÃO 1KG;Desbloqueado;R$ 21,99;0;Não Informado
7891515556341;HOT POCKET SADIA X BURGUER BARBECUE;Desbloqueado;R$ 13,99;0;Não Informado
Não Informado;HOT POCKET XPICANHA;Desbloqueado;R$ 13,99;0;Não Informado
7891515556327;HOT POCKET CHEDDAR CREMOSO;Desbloqueado;R$ 13,99;0;Não Informado
7892840822309;CHEETOS REQUEIJÃO 160G;Desbloqueado;R$ 19,99;2;Não Informado
7892840233945;FANDANGOS PRESUNTO 160G;Desbloqueado;R$ 14,99;0;Não Informado
7892840823245;CHEETOS ASSADO;Desbloqueado;R$ 13,99;0;Não Informado
7892840822446;DORITOS (TODOS OS SABORES);Desbloqueado;R$ 19,99;0;Não Informado
7892840822736;CHEETOS LUA 143G;Desbloqueado;R$ 16,99;0;Não Informado
07892840814762;CEBOLITOS 190G;Desbloqueado;R$ 22,99;2;Não Informado
7897859000168;PÃO DE QUEIJO DUDUXO SABORES1KG;Desbloqueado;R$ 15,99;0;Não Informado
7894900680508;SPRITE FRESH 500ML;Desbloqueado;R$ 4,99;0;Não Informado
7058745401;FRUTELLA;Desbloqueado;R$ 3,59;0;Não Informado
7896045506064;HEINEKEN ZERO ALCOOL LATA;Desbloqueado;R$ 2,99;0;Não Informado
Não Informado;LAKA DIAMANTE NEGRO;Desbloqueado;R$ 8,29;0;Não Informado
Não Informado;CHEETOS MIX;Desbloqueado;R$ 19,99;1;Não Informado
Não Informado;PIPOCA YOKI;Desbloqueado;R$ 5,59;0;Não Informado
Não Informado;AÇÚCAR UNIÃO REFINADO;Desbloqueado;R$ 5,99;0;Não Informado
Não Informado;MISTURA PARA BOLO CHOCOLATE ITALAC;Desbloqueado;R$ 5,49;0;Não Informado
07894900095159;FANTA BEETLE JUICE LATA;Desbloqueado;R$ 3,99;0;Não Informado
7894900558029;SUCO LARANJA DEL VALE 1,5L;Desbloqueado;R$ 5,49;0;Não Informado
7891164110031;NUGGETS AURORA CROCANTE 900G;Desbloqueado;R$ 21,99;0;Não Informado
7891991004275;GUARANA ANTARTICA LATA 350 ML;Desbloqueado;R$ 4,49;2;Não Informado
7898133401602;BATATA PALHA KARI-KARI 100G;Desbloqueado;R$ 7,69;0;Não Informado
7896094906778;DESODORANTE MONANGE (TODOS);Desbloqueado;R$ 15,99;3;Não Informado
7896051114024;CREME DE LEITE CAIXA ITAMBÉ;Desbloqueado;R$ 5,79;0;Não Informado
7896045507054;AMSTEL LONG NECK;Desbloqueado;R$ 5,90;0;Não Informado
7894900050011;FANTA UVA LATA;Desbloqueado;R$ 3,99;0;Não Informado
7891000376928;BONO DOCE DE LEITE;Desbloqueado;R$ 3,49;0;Não Informado
7898930142654;MOLHO DE TOMATE SALSARETTI;Desbloqueado;R$ 3,19;2;Não Informado
7892840822934;FANDANGOS PRESUNTO 250G;Desbloqueado;R$ 22,99;0;Não Informado
Não Informado;PASTA DE DENTE (TODAS AS MARCAS);Desbloqueado;R$ 7,59;0;Não Informado
7891022100372;DETERGENTE LIMPOL;Desbloqueado;R$ 2,99;0;Não Informado
7898080640413;LEITE CONDENSADO ITALAC;Desbloqueado;R$ 7,99;0;Não Informado
7898142865808;BARRA DE CHOCOLATE TORTUGUITAS CONFEITO/BRANCA;Desbloqueado;R$ 8,29;0;Não Informado
7896353302495;PIZZA GOURMET CATUPIRY (SABORES);Desbloqueado;R$ 39,90;0;Não Informado
Não Informado;LEITE NINHO 1L;Desbloqueado;R$ 7,99;0;Não Informado
7898230716616;BADEN BADEN PILSEN LATA;Desbloqueado;R$ 9,99;4;Não Informado
7802869754642;SUCO DEL VALLE LATA (SABORES);Desbloqueado;R$ 2,59;0;Não Informado
7897395040727;ITAIPAVA LATÃO;Desbloqueado;R$ 5,49;0;Não Informado
7896423423914;M&M (SABORES);Desbloqueado;R$ 15,99;1;Não Informado
7896527700751;DETERGENTE TRIEX;Desbloqueado;R$ 2,99;1;Não Informado
7892840822866;FANDANGOS QUEIJO;Desbloqueado;R$ 3,99;0;Não Informado
7898908069501;BATATA PALHA CHEFCHIPS;Desbloqueado;R$ 6,99;0;Não Informado
762210933454;MINI OREO;Desbloqueado;R$ 4,29;0;Não Informado
789100389096;PASSATEMPO FININHO;Desbloqueado;R$ 2,99;0;Não Informado
789627960058;OLEO COAMO;Desbloqueado;R$ 8,99;0;Não Informado
7893500020110;ARROZ TIO JOAO;Desbloqueado;R$ 8,49;0;Não Informado
789007200306;PRESERVATIVO BLOWTEX;Desbloqueado;R$ 13,99;0;Não Informado
7894900320015;SCHWEPPES CITRUS LATA;Desbloqueado;R$ 4,49;0;Não Informado
7898341430036;SUCO DEL VALE NECTAR DE PESSEGO 1L;Desbloqueado;R$ 8,99;0;Não Informado
Não Informado;SPRITE LATA COM/SEM AÇUCAR;Desbloqueado;R$ 4,99;4;Não Informado
7894900184204;SCHWEPPES VODKA CITRUS;Desbloqueado;R$ 4,59;0;Não Informado
7894321711478;TODDY;Desbloqueado;R$ 9,99;0;Não Informado
Não Informado;TORCIDA (SABORES);Desbloqueado;R$ 2,99;6;Não Informado
Não Informado;FILTRO DE CAFÉ TRES CORAÇÕES;Desbloqueado;R$ 6,70;0;Não Informado
7894904283378;TEKITOS RECHEADO;Desbloqueado;R$ 29,99;0;Não Informado
7891164163709;FRANGO A PASSARINHO AURORA;Desbloqueado;R$ 22,99;0;Não Informado
7622210596413;CAIXA BOMBOM (TODAS AS MARCAS);Desbloqueado;R$ 19,99;2;Não Informado
7898738660091;IMPERIO GOLD LONG NECK;Desbloqueado;R$ 5,20;0;Não Informado
7896102502183;MOLHO DE TOMATE QUERO CAIXA;Desbloqueado;R$ 2,39;0;Não Informado
7896569405003;LEITE LIDER CAIXA;Desbloqueado;R$ 6,49;0;Não Informado
7891000307083;CAFÉ SOLUVEL NESCAFÉ;Desbloqueado;R$ 6,59;0;Não Informado
786006711117;ARROZ CAMIL;Desbloqueado;R$ 7,59;1;Não Informado
7896005202074;FARINHA DE TRIGO DONA BENTA;Desbloqueado;R$ 7,49;0;Não Informado
7896062602008;FEIJAO CARIOCA SOLITO;Desbloqueado;R$ 7,16;0;Não Informado
7894904769889;FRANGO A PASSARINHO SEARA;Desbloqueado;R$ 20,99;0;Não Informado
7891164018498;COXINHA DA ASA COM MANJERICAO AURORA;Desbloqueado;R$ 20,99;0;Não Informado
7894904727186;LINGUIÇA TOSCANA SEARA;Desbloqueado;R$ 20,99;0;Não Informado
Não Informado;BOLACHA OREO;Desbloqueado;R$ 4,99;0;Não Informado
Não Informado;LATA ERVILHA/MILHO QUERO;Desbloqueado;R$ 4,99;0;Não Informado
7894900337006;SPRITE ABSOLUT;Desbloqueado;R$ 7,99;4;Não Informado
7896019607636;AMANDITA RECHEADA;Desbloqueado;R$ 15,99;0;Não Informado
7622210533289;SALGADINHO CLUB SOCIAL (TODOS SABORES);Desbloqueado;R$ 4,59;0;Não Informado
Não Informado;GELATINA OETKER SABORES;Desbloqueado;R$ 2,32;3;Não Informado
7896071025416;TODDY WAFER SABORES;Desbloqueado;R$ 2,99;0;Não Informado
7897751902317;SABONETE CLOY;Desbloqueado;R$ 2,99;2;Não Informado
7622210674395;LACTA SHOT;Desbloqueado;R$ 9,99;0;Não Informado
Não Informado;PICOLE MILKITO/PAÇOCA COM CHOCOLATE;Desbloqueado;R$ 4,49;0;Não Informado
7896105800118;ANEL DE CEBOLA MCCAIN;Desbloqueado;R$ 29,99;0;Não Informado
7892840822583;STIKSY 76G;Desbloqueado;R$ 4,99;0;Não Informado
7891000364253;WAFER NESCAU;Desbloqueado;R$ 4,59;0;Não Informado
Não Informado;CHEETOS REQUEIJÃO 45G;Desbloqueado;R$ 2,99;0;Não Informado
Não Informado;FILE DE PEITO - FRANGO;Desbloqueado;R$ 24,99;0;Não Informado
7891000062562;CHOCOLATE CRUNCH;Desbloqueado;R$ 10,99;4;Não Informado
Não Informado;LASANHA AURORA (SABORES);Desbloqueado;R$ 14,59;0;Não Informado
Não Informado;FERMENTO BIOLÓGICO 10G;Desbloqueado;R$ 2,39;3;Não Informado
Não Informado;FERMENTO DONA BENTA 100G;Desbloqueado;R$ 7,29;0;Não Informado
Não Informado;HALLS;Desbloqueado;R$ 2,79;22;Não Informado
Não Informado;CREME DE LEITE PIRACANJUBA;Desbloqueado;R$ 4,99;0;Não Informado
Não Informado;MOCOQUINHA;Desbloqueado;R$ 1,99;0;Não Informado
Não Informado;SABÃO EM PÓ BRILHANTE;Desbloqueado;R$ 17,89;0;Não Informado
Não Informado;LACTA RECHEADO CARAMELO;Desbloqueado;R$ 9,99;0;Não Informado
Não Informado;PAO CONGELADO CIABATA HOMEBAKE;Desbloqueado;R$ 12,99;0;Não Informado
7891164016296;FILE DE PEITO DE FRANGO AURORA;Desbloqueado;R$ 29,99;0;Não Informado
7896228405191;FARINHA DE TRIGO (TODAS AS MARCAS);Desbloqueado;R$ 6,99;0;Não Informado
7896036090244;OLEO SOJA LIZA;Desbloqueado;R$ 11,29;0;Não Informado
Não Informado;CHOCOLATE NESTLE (TODOS OS SABORES);Desbloqueado;R$ 8,49;0;Não Informado
Não Informado;CHOCOLATE LAKA;Desbloqueado;R$ 8,29;0;Não Informado
Não Informado;NEGRESC PEANUT BUTTER;Desbloqueado;R$ 3,99;0;Não Informado
Não Informado;NEGRESCO LIMÃO SICILIANO;Desbloqueado;R$ 3,99;0;Não Informado
Não Informado;MORANGUETE;Desbloqueado;R$ 0,90;0;Não Informado
Não Informado;MAC CHEESE (TODAS AS MARCAS);Desbloqueado;R$ 9,99;0;Não Informado
Não Informado;DESINTETANTE VEJA;Desbloqueado;R$ 5,99;0;Não Informado
Não Informado;ITUBAINA;Desbloqueado;R$ 3,69;0;Não Informado
Não Informado;LEITE HERCULES;Desbloqueado;R$ 6,99;0;Não Informado
Não Informado;SUCO DEL VALE LATA SABORES;Desbloqueado;R$ 5,29;0;Não Informado
Não Informado;CERVEJA CORONA;Desbloqueado;R$ 8,69;0;Não Informado
Não Informado;CERVEJA ORIGINAL;Desbloqueado;R$ 4,99;0;Não Informado
Não Informado;DORITOS MOSTARDA/KETCHUP 110 G;Desbloqueado;R$ 12,29;0;Não Informado
07891079014172;MAC NISSIN U.F.O;Desbloqueado;R$ 7,99;0;Não Informado
Não Informado;CERVEJA SPATEN LONG NECK;Desbloqueado;R$ 5,29;2;Não Informado
Não Informado;PASTEL AURORA 20 UNIDADES;Desbloqueado;R$ 21,99;0;Não Informado
Não Informado;CHOCOLATE TALENTO (TODOS SABORES);Desbloqueado;R$ 11,99;0;Não Informado
Não Informado;CERPA EXPORT LONG NECK;Desbloqueado;R$ 9,99;11;Não Informado
Não Informado;ESTRELLA GALICIA LONG NECL;Desbloqueado;R$ 7,49;0;Não Informado
Não Informado;DADINHO BEM BRASIL;Desbloqueado;R$ 9,99;0;Não Informado
Não Informado;POLENTA BEM BRASIL;Desbloqueado;R$ 6,99;0;Não Informado
Não Informado;PAO DE QUEIJO UNI (SABORES);Desbloqueado;R$ 9,99;0;Não Informado
Não Informado;HAMBURGUER SEARA AIR FRYER;Desbloqueado;R$ 6,29;0;Não Informado
Não Informado;FRANGO RECHEADO PERDIGÃO;Desbloqueado;R$ 7,29;0;Não Informado
Não Informado;PIPOQUINHA FRANGO NETFLIX SEARA;Desbloqueado;R$ 22,99;0;Não Informado
Não Informado;DESINFETANTE YPE;Desbloqueado;R$ 4,99;0;Não Informado
Não Informado;BISCOITO HERSHEY'S (SABORES);Desbloqueado;R$ 9,99;4;Não Informado
Não Informado;MACARRÃO DONA BENTE SEMOLA/PENNE;Desbloqueado;R$ 4,29;0;Não Informado
Não Informado;CHOCOLATE TWINX 40G (SABORES);Desbloqueado;R$ 4,59;0;Não Informado
Não Informado;CALDO SAZON;Desbloqueado;R$ 2,99;1;Não Informado
Não Informado;CAIXA FERRERO ROCHER;Desbloqueado;R$ 9,99;0;Não Informado
Não Informado;CHICKEN FRANGO SEARA 220G;Desbloqueado;R$ 24,29;0;Não Informado
Não Informado;TORTA SADIA FRANGO COM REQUEIJÃO;Desbloqueado;R$ 30,99;0;Não Informado
Não Informado;FRANGO SEARA MILENASA;Desbloqueado;R$ 5,59;0;Não Informado
Não Informado;NUGGETS SADIA 300G;Desbloqueado;R$ 13,89;0;Não Informado
Não Informado;KINDER BUENO;Desbloqueado;R$ 8,29;0;Não Informado
Não Informado;STELLA GARRAFA 600 ML;Desbloqueado;R$ 13,49;0;Não Informado
Não Informado;CHOCOLATE CHOCO TRIO (SABORES);Desbloqueado;R$ 10,99;0;Não Informado
Não Informado;CHOCOLATE OREO SELENA GOMEZ;Desbloqueado;R$ 0,99;0;Não Informado
Não Informado;BISCOITO COKKIE BAUDUCCO;Desbloqueado;R$ 5,12;0;Não Informado
Não Informado;BISCOITO RECHEADO BAUDUCCO 140G (SABORES);Desbloqueado;R$ 3,49;0;Não Informado
Não Informado;BISCOITO WAFFER BAUDUCO 140G (SABORES);Desbloqueado;R$ 3,59;0;Não Informado
Não Informado;CHOCOLATE BLOCK 38G;Desbloqueado;R$ 3,49;0;Não Informado
Não Informado;CORONA 210ML;Desbloqueado;R$ 6,99;0;Não Informado
Não Informado;DESODORANTE TABU;Desbloqueado;R$ 9,39;0;Não Informado
Não Informado;LAVA ROUPA EM PÓ OMO;Desbloqueado;R$ 24,29;0;Não Informado
Não Informado;PRESERVATIVO OLLA;Desbloqueado;R$ 26,99;1;Não Informado
Não Informado;QUEIJO RALADO VIGO;Desbloqueado;R$ 6,99;0;Não Informado
Não Informado;SOPA VONO;Desbloqueado;R$ 4,75;0;Não Informado
Não Informado;PE DE MOÇA;Desbloqueado;R$ 1,75;0;Não Informado
Não Informado;SALGADINHO DE BACON KARIT0;Desbloqueado;R$ 3,99;0;Não Informado
Não Informado;COOKIE (LACTA/NEGRESCO/PASSATEMPO/NESCAU/ALPINO/GALAK);Desbloqueado;R$ 5,99;5;Não Informado
Não Informado;PIRAQUE LEITE MALTADO;Desbloqueado;R$ 0,99;0;Não Informado
Não Informado;THEREZÓPOLIS;Desbloqueado;R$ 8,99;0;Não Informado
Não Informado;AGUA CRYSTAL SABORES;Desbloqueado;R$ 4,49;0;Não Informado
Não Informado;EMPANADO COXINHA SEARA;Desbloqueado;R$ 24,99;0;Não Informado
Não Informado;LINGUIÇA SEARA (SABORES);Desbloqueado;R$ 22,99;0;Não Informado
Não Informado;CRISP SUPREME;Desbloqueado;R$ 22,99;0;Não Informado
Não Informado;EMPANADO ISCA FRANGO;Desbloqueado;R$ 19,99;0;Não Informado
Não Informado;SUCO DEL VALLE 200ML PET (SABORES);Desbloqueado;R$ 0,99;0;Não Informado
Não Informado;HAMBURGUER FRIBOI MATURATTA;Desbloqueado;R$ 6,50;0;Não Informado
Não Informado;MARMITA FIT CONGELADA;Desbloqueado;R$ 23,99;0;Não Informado
Não Informado;CHOCOLATE SERENATA CACAU BRASIL 90G;Desbloqueado;R$ 13,99;0;Não Informado
Não Informado;ARROZ 1KG RAROZ;Desbloqueado;R$ 8,99;0;Não Informado
Não Informado;SABAO EM PO SURF;Desbloqueado;R$ 12,99;0;Não Informado
Não Informado;FARINHA DE TRIGO NONITA;Desbloqueado;R$ 4,99;1;Não Informado
Não Informado;PIPOCA MANTEIGA YOKI 100G;Desbloqueado;R$ 6,49;0;Não Informado
Não Informado;HERSHEYS SPECIAL DARK (SABORES);Desbloqueado;R$ 10,99;0;Não Informado
Não Informado;MULTIUSO TRIEX;Desbloqueado;R$ 4,99;0;Não Informado
7891164110673;ISCA DE FRANGO AURORA;Desbloqueado;R$ 13,99;0;Não Informado
Não Informado;CALIPSO;Desbloqueado;R$ 9,59;0;Não Informado
Não Informado;BISCOITO BAUDUCO CHOCO BISCUIT;Desbloqueado;R$ 7,99;0;Não Informado
Não Informado;MACARRAO HOT BOWLS;Desbloqueado;R$ 15,99;0;Não Informado
Não Informado;HEINEKEN 600ML;Desbloqueado;R$ 15,99;0;Não Informado
Não Informado;EMPANADO ISCA DE FRANGO;Desbloqueado;R$ 19,99;0;Não Informado
Não Informado;PAPEL HIGIENICO SUBLIME 2 UN.;Desbloqueado;R$ 6,99;0;Não Informado
7894904597888;NUGGETS SEARA;Desbloqueado;R$ 13,99;0;Não Informado
7898024398813;TIC TAC;Desbloqueado;R$ 3,59;8;Não Informado
7896074606841;FOLHADOS CONGELADOS FRANGO;Desbloqueado;R$ 29,99;0;Não Informado
Não Informado;PAÇOCA;Desbloqueado;R$ 1,29;0;Não Informado
7891000357460;SNOW FLAK NESTLE;Desbloqueado;R$ 13,29;0;Não Informado
7894904000739;POLPETONE GOURMET SEARA;Desbloqueado;R$ 36,99;0;Não Informado
7896024761545;SALGADINHO PIRAQUE;Desbloqueado;R$ 2,59;0;Não Informado
7891910030378;CAFÉ UNIÃO;Desbloqueado;R$ 37,99;0;Não Informado
Não Informado;FANTA SABORES 600 ML;Desbloqueado;R$ 5,99;0;Não Informado
Não Informado;COCA COLA 600 ML;Desbloqueado;R$ 7,29;0;Não Informado
Não Informado;COXA DE FRANGO;Desbloqueado;R$ 15,99;1;Não Informado
7891991014762;CERVEJA BUDWEISER LN;Desbloqueado;R$ 6,99;0;Não Informado
Não Informado;MILHO PIPOCA YOKI;Desbloqueado;R$ 9,79;0;Não Informado
Não Informado;ARROZ PICINI;Desbloqueado;R$ 9,99;0;Não Informado
Não Informado;PEPSI TWIST LATA;Desbloqueado;R$ 3,99;0;Não Informado
Não Informado;GUARANA 600 ML;Desbloqueado;R$ 7,99;0;Não Informado
Não Informado;H20;Desbloqueado;R$ 5,99;8;Não Informado
Não Informado;STELLA GOLD LATA;Desbloqueado;R$ 6,75;0;Não Informado
Não Informado;SHAMPOO SEDA;Desbloqueado;R$ 15,99;0;Não Informado
Não Informado;CHOCOLATE DIAMANTE NEGRO 145G;Desbloqueado;R$ 15,99;0;Não Informado
Não Informado;CHOCOLATE NESTLE 150G;Desbloqueado;R$ 15,99;0;Não Informado
Não Informado;DORITOS 300G;Desbloqueado;R$ 28,99;0;Não Informado
Não Informado;RUFFLES 60G (TODOS SABORES);Desbloqueado;R$ 7,99;0;Não Informado
Não Informado;PIPOCA DOCE KARI KARI;Desbloqueado;R$ 3,99;0;Não Informado
7898950685889;PÃO CONGELADO;Desbloqueado;R$ 15,99;0;Não Informado
Não Informado;RED BULL (TODOS SABORES);Desbloqueado;R$ 12,99;0;Não Informado
Não Informado;SPRITE 600 ML;Desbloqueado;R$ 6,99;0;Não Informado
Não Informado;"ITAIPAVA 300ML (""BARRIGUDINHA"")";Desbloqueado;R$ 2,99;1;Não Informado
Não Informado;"BUDWEISER 300 ML (""BARRIGUDINHA"")";Desbloqueado;R$ 3,99;1;Não Informado
Não Informado;CEBOLITOS 138G;Desbloqueado;R$ 18,99;0;Não Informado
Não Informado;AGUA CRYSTAL C/ GAS 350ML;Desbloqueado;R$ 2,99;0;Não Informado
Não Informado;CHOCOLATE NESTLE RECHEADO (TODOS SABORES);Desbloqueado;R$ 10,99;2;Não Informado
7898298410334;PICOLÉ DE SKIMO PREMIUM MILK MONI;Desbloqueado;R$ 4,49;0;Não Informado
7892840817459;BATATA TUBO ONDA RUFFLES SOUR CREAM E CEBOLA 134G;Desbloqueado;R$ 14,99;0;Não Informado
7892840823481;DORITOS DINAMITA PIMENTA MEXICANA/DINAMITE 60G;Desbloqueado;R$ 5,99;0;Não Informado
Não Informado;PINGO DE LEITE;Desbloqueado;R$ 1,29;5;Não Informado
Não Informado;CHICLETE MENTOS;Desbloqueado;R$ 2,99;0;Não Informado
Não Informado;NESCAUZINHO;Desbloqueado;R$ 1,99;8;Não Informado
Não Informado;WAFFER NEGRESCO;Desbloqueado;R$ 2,99;0;Não Informado
Não Informado;NESTLE CHOCO BISCUIT;Desbloqueado;R$ 7,79;0;Não Informado
Não Informado;GAROTO CHOCO BISCUIT;Desbloqueado;R$ 7,79;0;Não Informado
Não Informado;TOSTINES  CANELA E MACA/ESPECIARIAS;Desbloqueado;R$ 5,89;0;Não Informado
Não Informado;AGUA SANITARIA BARBAREX;Desbloqueado;R$ 4,97;0;Não Informado
Não Informado;MULTIUSO YPE;Desbloqueado;R$ 4,79;1;Não Informado
Não Informado;PIRAQUE MALTADO BLACK;Desbloqueado;R$ 4,99;0;Não Informado
Não Informado;CERVEJA SPATEN LATA;Desbloqueado;R$ 5,29;9;Não Informado
Não Informado;DORITOS 210G;Desbloqueado;R$ 18,99;0;Não Informado
Não Informado;CHOCO PIPOCA BAUDUCCO;Desbloqueado;R$ 12,99;0;Não Informado
Não Informado;CHEETOS BOLA QUEIJO 125G;Desbloqueado;R$ 10,99;0;Não Informado
Não Informado;ÁGUA COM GÁS MINALBA;Desbloqueado;R$ 3,49;2;Não Informado
Não Informado;NUGGETS AURORA KIDS;Desbloqueado;R$ 10,99;0;Não Informado
Não Informado;COOKIE PIRAQUE (TODOS OS SABORES);Desbloqueado;R$ 4,49;4;Não Informado
Não Informado;COCA COLA NORMAL/ZERO 2,5L;Desbloqueado;R$ 14,99;0;Não Informado
Não Informado;PAO CONGELADO SWIFT;Desbloqueado;R$ 5,59;1;Não Informado
Não Informado;FANTA 200 ML;Desbloqueado;R$ 2,39;5;Não Informado
Não Informado;LEITE SHEFA DESNATADO;Desbloqueado;R$ 5,99;2;Não Informado
